{
  "project_info": {
    "project_number": "283591649738",
    "project_id": "funytecasmais",
    "storage_bucket": "funytecasmais.appspot.com"
  },
  "client": [
    {
      "client_info": {
        "mobilesdk_app_id": "1:283591649738:android:7ae53cb3e75e8cc1bd8733",
        "android_client_info": {
          "package_name": "com.example.funytecasmais"
        }
      },
      "oauth_client": [
        {
          "client_id": "283591649738-40nbd095l7prcfrq0rsqh2evaiiat4ok.apps.googleusercontent.com",
          "client_type": 3
        }
      ],
      "api_key": [
        {
          "current_key": "AIzaSyDVwxjE3dCw0UbTb8eHiWlpRTTeegWYnlw"
        }
      ],
      "services": {
        "appinvite_service": {
          "other_platform_oauth_client": [
            {
              "client_id": "283591649738-40nbd095l7prcfrq0rsqh2evaiiat4ok.apps.googleusercontent.com",
              "client_type": 3
            }
          ]
        }
      }
    }
  ],
  "configuration_version": "1"
}